"","x"
"1","Aligning Learning Incentives of Students and Teachers: Results from a Social Experiment in Mexican High Schools"
"2","Asymmetric Learning from Financial Information"
"3","BAD NEWS: AN EXPERIMENTAL STUDY ON THE INFORMATIONAL EFFECTS OF REWARDS"
"4","Banking the Unbanked? Evidence from Three Countries"
"5","Banking the poor via savings accounts: Evidence from a field experiment"
"6","Business training plus for female entrepreneurship? Short and medium-term experimental evidence from Peru"
"7","Can Online Off-the-Shelf Lessons Improve Student Outcomes? Evidence from a Field Experiment"
"8","Can unconditional cash transfers raise long-term living standards? Evidence from Zambia"
"9","Combining pre-school teacher training with parenting education: A cluster-randomized controlled trial"
"10","Conveniently Upset: Avoiding Altruism by Distorting Beliefs about Others’ Altruism"
"11","Cursed beliefs with common-value public goods"
"12","DO ANTI-POVERTY PROGRAMS SWAY VOTERS? EXPERIMENTAL EVIDENCE FROM UGANDA"
"13","DOES WORKING FROM HOME WORK? EVIDENCE FROM A CHINESE EXPERIMENT"
"14","DOUBLE FOR NOTHING? EXPERIMENTAL EVIDENCE ON AN UNCONDITIONAL TEACHER SALARY INCREASE IN INDONESIA"
"15","Diffusion of agricultural information within social networks: Evidence on gender inequalities from Mali"
"16","Does improved storage technology promote modern input use and food security? Evidence from a randomized trial in Uganda"
"17","Does inducing informal firms to formalize make sense? Experimental evidence from Benin"
"18","Estimating the Impact of Microcredit on Those Who Take It Up: Evidence from a Randomized Experiment in Morocco"
"19","Evaluating Behaviorally Motivated Policy: Experimental Evidence from the Lightbulb Market"
"20","Experimental departures from self-interest when competing partnerships share output"
"21","Failure vs. displacement: Why an innovative anti-poverty program showed no net impact in South India"
"22","Formal finance and informal safety nets of the poor: Evidence from a savings field experiment"
"23","Formalization without certification? Experimental evidence on property rights and investment"
"24","Ghostbusting in Detroit: Evidence on nonfilers from a controlled field experiment"
"25","Grain today, gain tomorrow: Evidence from a storage experiment with savings clubs in Kenya"
"26","Household economic strengthening through financial and psychosocial programming: Evidence from a field experiment in South Africa"
"27","How Do Firms Form Their Expectations? New Survey Evidence"
"28","How Do Voters Respond to Information? Evidence from a Randomized Campaign"
"29","How Elastic Are Preferences for Redistribution? Evidence from Randomized Survey Experiments"
"30","How information affects support for education spending: Evidence from survey experiments in Germany and the United States"
"31","INTERFIRM RELATIONSHIPS AND BUSINESS PERFORMANCE"
"32","Incentives, Commitments, and Habit Formation in Exercise: Evidence from a Field Experiment with Workers at a Fortune-500 Company"
"33","Incentivizing Calculated Risk-Taking: Evidence from an Experiment with Commercial Bank Loan Officers"
"34","Is a Dream Deferred a Dream Denied? College Enrollment and Time-Varying Opportunity Costs"
"35","Leadership and the voluntary provision of public goods: Field evidence from Bolivia"
"36","Liking what others ‘‘Like’’: using Facebook to identify determinants of conformity"
"37","Mentors or Teachers? Microenterprise Training in Kenya"
"38","Microcredit Impacts: Evidence from a Randomized Microcredit Program Placement Experiment by Compartamos Banco"
"39","Moral Suasion and Economic Incentives: Field Experimental Evidence from Energy Demand"
"40","No Taxation without Information: Deterrence and Self-Enforcement in the Value Added Tax"
"41","One Laptop per Child at Home: Short-Term Impacts from a Randomized Experiment in Peru"
"42","Pivotality and responsibility attribution in sequential voting"
"43","Price Subsidies, Diagnostic Tests, and Targeting of Malaria Treatment: Evidence from a Randomized Controlled Trial"
"44","Productivity in piece-rate labor markets: Evidence from rural Malawi"
"45","Professional norms and physician behavior: Homo oeconomicus or homo hippocraticus?"
"46","Psychological Frictions and the Incomplete Take-Up of Social Benefits: Evidence from an IRS Field Experiment"
"47","REDUCING CHOICE OVERLOAD WITHOUT REDUCING CHOICES"
"48","Relative Pay and Labor Supply"
"49","SAVINGS IN TRANSNATIONAL HOUSEHOLDS: A FIELD EXPERIMENT AMONG MIGRANTS FROM EL SALVADOR"
"50","Saving by Default: Evidence from a Field Experiment in Rural India"
"51","Self-Control at Work"
"52","Social Networks and the Decision to Insure"
"53","Subsidies versus mental accounting nudges: Harnessing mobile payment systems to improve sanitation"
"54","TEMPORAL STABILITY OF TIME PREFERENCES"
"55","THE AGGREGATE EFFECT OF SCHOOL CHOICE: EVIDENCE FROM A TWO-STAGE EXPERIMENT IN INDIA*"
"56","THE HALF-LIFE OF HAPPINESS: HEDONIC ADAPTATION IN THE SUBJECTIVE WELL-BEING OF POOR SLUM DWELLERS TO THE SATISFACTION OF BASIC HOUSING NEEDS"
"57","THE IMPACT OF HOUSING ASSISTANCE ON CHILD OUTCOMES: EVIDENCE FROM A RANDOMIZED HOUSING LOTTERY"
"58","THE IMPACT OF STUDY GROUPS AND ROOMMATES ON ACADEMIC PERFORMANCE"
"59","THE MORALE EFFECTS OF PAY INEQUALITY"
"60","THE VALUE OF REGULATORY DISCRETION: ESTIMATES FROM ENVIRONMENTAL INSPECTIONS IN INDIA"
"61","Tangible Information and Citizen Empowerment: Identification Cards and Food Subsidy Programs in Indonesia"
"62","The Effects of Micro-entrepreneurship Programs on Labor Market Performance: Experimental Evidence from Chile"
"63","The Impacts of Microcredit: Evidence from Bosnia and Herzegovina"
"64","The Impacts of Microcredit: Evidence from Ethiopia"
"65","The Impacts of Microfinance: Evidence from Joint-Liability Lending in Mongolia"
"66","The Persistent Power of Behavioral Change: Long-Run Impacts of Temporary Savings Subsidies for the Poor"
"67","The demand for teacher characteristics in the market for child care: Evidence from a field experiment"
"68","The heterogeneous effect of information on student performance: Evidence from a randomized control trial in Mexico"
"69","Ties that bind: Network redistributive pressure and economic decisions in village economies"
"70","Time versus State in Insurance: Experimental Evidence from Contract Farming in Kenya"
"71","Trading frictions in Indian village economies"
"72","Turning a Shove into a Nudge? A “Labeled Cash Transfer” for Education"
"73","WHAT IMPEDES EFFICIENT ADOPTION OF PRODUCTS? EVIDENCE FROM RANDOMIZED SALES OFFERS FOR FUEL-EFFICIENT COOKSTOVES IN UGANDA"
"74","WOULD YOU PAY FOR TRANSPARENTLY USELESS ADVICE? A TEST OF BOUNDARIES OF BELIEFS IN THE FOLLY OF PREDICTIONS"
"75","What Motivates Effort? Evidence and Expert Forecasts"
"76","Why Do Defaults Affect Behavior? Experimental Evidence from Afghanistan"
"77","Will a Five-Minute Discussion Change Your Mind? A Countrywide Experiment on Voter Choice in France"
"78","“Flypaper effects” in transfers targeted to women: Evidence from BRAC's “Targeting the Ultra Poor” program in Bangladesh"
